{
    "33": {
        "Name": "exclam",
        "Width": "227",
        "LSB": "52",
        "RSB": "44",
        "X": "1218",
        "Y": "477"
    },
    "34": {
        "Name": "quotedbl",
        "Width": "233",
        "LSB": "49",
        "RSB": "30",
        "X": "1495",
        "Y": "477"
    },
    "35": {
        "Name": "numbersign",
        "Width": "635",
        "LSB": "0",
        "RSB": "42",
        "X": "1778",
        "Y": "477"
    },
    "36": {
        "Name": "dollar",
        "Width": "368",
        "LSB": "50",
        "RSB": "-15",
        "X": "2463",
        "Y": "477"
    },
    "37": {
        "Name": "percent",
        "Width": "626",
        "LSB": "55",
        "RSB": "52",
        "X": "0",
        "Y": "0"
    },
    "38": {
        "Name": "ampersand",
        "Width": "327",
        "LSB": "49",
        "RSB": "44",
        "X": "3582",
        "Y": "477"
    },
    "39": {
        "Name": "quotesingle",
        "Width": "183",
        "LSB": "53",
        "RSB": "51",
        "X": "3959",
        "Y": "477"
    },
    "40": {
        "Name": "parenleft",
        "Width": "238",
        "LSB": "53",
        "RSB": "34",
        "X": "4192",
        "Y": "477"
    },
    "41": {
        "Name": "parenright",
        "Width": "286",
        "LSB": "42",
        "RSB": "49",
        "X": "4480",
        "Y": "477"
    },
    "42": {
        "Name": "asterisk",
        "Width": "341",
        "LSB": "33",
        "RSB": "13",
        "X": "4816",
        "Y": "477"
    },
    "43": {
        "Name": "plus",
        "Width": "322",
        "LSB": "57",
        "RSB": "20",
        "X": "5207",
        "Y": "477"
    },
    "44": {
        "Name": "comma",
        "Width": "178",
        "LSB": "22",
        "RSB": "46",
        "X": "5579",
        "Y": "477"
    },
    "45": {
        "Name": "hyphen",
        "Width": "256",
        "LSB": "48",
        "RSB": "45",
        "X": "5807",
        "Y": "477"
    },
    "46": {
        "Name": "period",
        "Width": "139",
        "LSB": "38",
        "RSB": "35",
        "X": "6113",
        "Y": "477"
    },
    "47": {
        "Name": "slash",
        "Width": "307",
        "LSB": "28",
        "RSB": "51",
        "X": "6302",
        "Y": "477"
    },
    "48": {
        "Name": "zero",
        "Width": "357",
        "LSB": "48",
        "RSB": "31",
        "X": "6659",
        "Y": "477"
    },
    "49": {
        "Name": "one",
        "Width": "289",
        "LSB": "42",
        "RSB": "61",
        "X": "7066",
        "Y": "477"
    },
    "50": {
        "Name": "two",
        "Width": "367",
        "LSB": "65",
        "RSB": "56",
        "X": "754",
        "Y": "1517"
    },
    "51": {
        "Name": "three",
        "Width": "367",
        "LSB": "59",
        "RSB": "50",
        "X": "1171",
        "Y": "1517"
    },
    "52": {
        "Name": "four",
        "Width": "396",
        "LSB": "52",
        "RSB": "47",
        "X": "1588",
        "Y": "1517"
    },
    "53": {
        "Name": "five",
        "Width": "353",
        "LSB": "45",
        "RSB": "-48",
        "X": "2034",
        "Y": "1517"
    },
    "54": {
        "Name": "six",
        "Width": "304",
        "LSB": "57",
        "RSB": "60",
        "X": "2495",
        "Y": "1517"
    },
    "55": {
        "Name": "seven",
        "Width": "390",
        "LSB": "18",
        "RSB": "61",
        "X": "2849",
        "Y": "1517"
    },
    "56": {
        "Name": "eight",
        "Width": "416",
        "LSB": "60",
        "RSB": "3",
        "X": "3289",
        "Y": "1517"
    },
    "57": {
        "Name": "nine",
        "Width": "400",
        "LSB": "53",
        "RSB": "54",
        "X": "3762",
        "Y": "1517"
    },
    "58": {
        "Name": "colon",
        "Width": "195",
        "LSB": "60",
        "RSB": "54",
        "X": "4212",
        "Y": "1517"
    },
    "59": {
        "Name": "semicolon",
        "Width": "197",
        "LSB": "4",
        "RSB": "57",
        "X": "4457",
        "Y": "1517"
    },
    "60": {
        "Name": "less",
        "Width": "467",
        "LSB": "52",
        "RSB": "9",
        "X": "4704",
        "Y": "1517"
    },
    "61": {
        "Name": "equal",
        "Width": "388",
        "LSB": "49",
        "RSB": "43",
        "X": "5222",
        "Y": "1517"
    },
    "62": {
        "Name": "greater",
        "Width": "462",
        "LSB": "55",
        "RSB": "50",
        "X": "5660",
        "Y": "1517"
    },
    "63": {
        "Name": "question",
        "Width": "392",
        "LSB": "64",
        "RSB": "40",
        "X": "6172",
        "Y": "1517"
    },
    "64": {
        "Name": "at",
        "Width": "532",
        "LSB": "44",
        "RSB": "34",
        "X": "6614",
        "Y": "1517"
    },
    "65": {
        "Name": "A",
        "Width": "406",
        "LSB": "55",
        "RSB": "51",
        "X": "7196",
        "Y": "1517"
    },
    "66": {
        "Name": "B",
        "Width": "565",
        "LSB": "-21",
        "RSB": "49",
        "X": "7652",
        "Y": "1517"
    },
    "67": {
        "Name": "C",
        "Width": "522",
        "LSB": "47",
        "RSB": "45",
        "X": "8288",
        "Y": "1517"
    },
    "68": {
        "Name": "D",
        "Width": "448",
        "LSB": "-142",
        "RSB": "44",
        "X": "754",
        "Y": "2557"
    },
    "69": {
        "Name": "E",
        "Width": "369",
        "LSB": "28",
        "RSB": "34",
        "X": "1394",
        "Y": "2557"
    },
    "70": {
        "Name": "F",
        "Width": "336",
        "LSB": "41",
        "RSB": "-20",
        "X": "1813",
        "Y": "2557"
    },
    "71": {
        "Name": "G",
        "Width": "470",
        "LSB": "46",
        "RSB": "31",
        "X": "2229",
        "Y": "2557"
    },
    "72": {
        "Name": "H",
        "Width": "382",
        "LSB": "59",
        "RSB": "49",
        "X": "2749",
        "Y": "2557"
    },
    "73": {
        "Name": "I",
        "Width": "519",
        "LSB": "5",
        "RSB": "7",
        "X": "3181",
        "Y": "2557"
    },
    "74": {
        "Name": "J",
        "Width": "366",
        "LSB": "-71",
        "RSB": "48",
        "X": "3753",
        "Y": "2557"
    },
    "75": {
        "Name": "K",
        "Width": "468",
        "LSB": "40",
        "RSB": "13",
        "X": "4240",
        "Y": "2557"
    },
    "76": {
        "Name": "L",
        "Width": "384",
        "LSB": "37",
        "RSB": "14",
        "X": "4758",
        "Y": "2557"
    },
    "77": {
        "Name": "M",
        "Width": "513",
        "LSB": "59",
        "RSB": "-15",
        "X": "5192",
        "Y": "2557"
    },
    "78": {
        "Name": "N",
        "Width": "473",
        "LSB": "-1",
        "RSB": "0",
        "X": "5780",
        "Y": "2557"
    },
    "79": {
        "Name": "O",
        "Width": "403",
        "LSB": "50",
        "RSB": "40",
        "X": "6314",
        "Y": "2557"
    },
    "80": {
        "Name": "P",
        "Width": "356",
        "LSB": "-16",
        "RSB": "43",
        "X": "6767",
        "Y": "2557"
    },
    "81": {
        "Name": "Q",
        "Width": "488",
        "LSB": "49",
        "RSB": "12",
        "X": "7189",
        "Y": "2557"
    },
    "82": {
        "Name": "R",
        "Width": "512",
        "LSB": "33",
        "RSB": "-80",
        "X": "7727",
        "Y": "2557"
    },
    "83": {
        "Name": "S",
        "Width": "456",
        "LSB": "46",
        "RSB": "15",
        "X": "8379",
        "Y": "2557"
    },
    "84": {
        "Name": "T",
        "Width": "427",
        "LSB": "-59",
        "RSB": "-165",
        "X": "8885",
        "Y": "2557"
    },
    "85": {
        "Name": "U",
        "Width": "399",
        "LSB": "48",
        "RSB": "-41",
        "X": "9596",
        "Y": "2557"
    },
    "86": {
        "Name": "V",
        "Width": "334",
        "LSB": "20",
        "RSB": "39",
        "X": "754",
        "Y": "3597"
    },
    "87": {
        "Name": "W",
        "Width": "559",
        "LSB": "1",
        "RSB": "40",
        "X": "1138",
        "Y": "3597"
    },
    "88": {
        "Name": "X",
        "Width": "412",
        "LSB": "-44",
        "RSB": "5",
        "X": "1747",
        "Y": "3597"
    },
    "89": {
        "Name": "Y",
        "Width": "314",
        "LSB": "-9",
        "RSB": "-3",
        "X": "2258",
        "Y": "3597"
    },
    "90": {
        "Name": "Z",
        "Width": "563",
        "LSB": "11",
        "RSB": "1",
        "X": "2644",
        "Y": "3597"
    },
    "95": {
        "Name": "underscore",
        "Width": "319",
        "LSB": "-19",
        "RSB": "-20",
        "X": "5266",
        "Y": "3597"
    },
    "97": {
        "Name": "a",
        "Width": "487",
        "LSB": "55",
        "RSB": "-28",
        "X": "6003",
        "Y": "3597"
    },
    "98": {
        "Name": "b",
        "Width": "331",
        "LSB": "-55",
        "RSB": "53",
        "X": "6578",
        "Y": "3597"
    },
    "99": {
        "Name": "c",
        "Width": "368",
        "LSB": "45",
        "RSB": "40",
        "X": "7014",
        "Y": "3597"
    },
    "100": {
        "Name": "d",
        "Width": "360",
        "LSB": "42",
        "RSB": "37",
        "X": "7432",
        "Y": "3597"
    },
    "101": {
        "Name": "e",
        "Width": "349",
        "LSB": "48",
        "RSB": "30",
        "X": "7842",
        "Y": "3597"
    },
    "102": {
        "Name": "f",
        "Width": "391",
        "LSB": "23",
        "RSB": "23",
        "X": "8241",
        "Y": "3597"
    },
    "103": {
        "Name": "g",
        "Width": "331",
        "LSB": "34",
        "RSB": "17",
        "X": "8682",
        "Y": "3597"
    },
    "104": {
        "Name": "h",
        "Width": "384",
        "LSB": "47",
        "RSB": "19",
        "X": "754",
        "Y": "4637"
    },
    "105": {
        "Name": "i",
        "Width": "155",
        "LSB": "0",
        "RSB": "23",
        "X": "1188",
        "Y": "4637"
    },
    "106": {
        "Name": "j",
        "Width": "155",
        "LSB": "-86",
        "RSB": "-9",
        "X": "1393",
        "Y": "4637"
    },
    "107": {
        "Name": "k",
        "Width": "398",
        "LSB": "2",
        "RSB": "3",
        "X": "1703",
        "Y": "4637"
    },
    "108": {
        "Name": "l",
        "Width": "211",
        "LSB": "34",
        "RSB": "38",
        "X": "2158",
        "Y": "4637"
    },
    "109": {
        "Name": "m",
        "Width": "524",
        "LSB": "35",
        "RSB": "40",
        "X": "2419",
        "Y": "4637"
    },
    "110": {
        "Name": "n",
        "Width": "352",
        "LSB": "47",
        "RSB": "12",
        "X": "2993",
        "Y": "4637"
    },
    "111": {
        "Name": "o",
        "Width": "280",
        "LSB": "62",
        "RSB": "61",
        "X": "3395",
        "Y": "4637"
    },
    "112": {
        "Name": "p",
        "Width": "377",
        "LSB": "-32",
        "RSB": "16",
        "X": "3725",
        "Y": "4637"
    },
    "113": {
        "Name": "q",
        "Width": "295",
        "LSB": "34",
        "RSB": "19",
        "X": "4184",
        "Y": "4637"
    },
    "114": {
        "Name": "r",
        "Width": "316",
        "LSB": "61",
        "RSB": "40",
        "X": "4529",
        "Y": "4637"
    },
    "115": {
        "Name": "s",
        "Width": "311",
        "LSB": "48",
        "RSB": "46",
        "X": "4895",
        "Y": "4637"
    },
    "116": {
        "Name": "t",
        "Width": "319",
        "LSB": "-112",
        "RSB": "14",
        "X": "5256",
        "Y": "4637"
    },
    "117": {
        "Name": "u",
        "Width": "369",
        "LSB": "44",
        "RSB": "0",
        "X": "5737",
        "Y": "4637"
    },
    "118": {
        "Name": "v",
        "Width": "282",
        "LSB": "44",
        "RSB": "48",
        "X": "6166",
        "Y": "4637"
    },
    "119": {
        "Name": "w",
        "Width": "387",
        "LSB": "40",
        "RSB": "41",
        "X": "6498",
        "Y": "4637"
    },
    "120": {
        "Name": "x",
        "Width": "367",
        "LSB": "42",
        "RSB": "35",
        "X": "6935",
        "Y": "4637"
    },
    "121": {
        "Name": "y",
        "Width": "282",
        "LSB": "17",
        "RSB": "33",
        "X": "7352",
        "Y": "4637"
    },
    "122": {
        "Name": "z",
        "Width": "405",
        "LSB": "31",
        "RSB": "-1",
        "X": "754",
        "Y": "5677"
    },
    "126": {
        "Name": "asciitilde",
        "Width": "562",
        "LSB": "48",
        "RSB": "46",
        "X": "0",
        "Y": "0"
    },
    "8211": {
        "Name": "endash",
        "Width": "350",
        "LSB": "44",
        "RSB": "32",
        "X": "0",
        "Y": "0"
    },
    "8212": {
        "Name": "emdash",
        "Width": "446",
        "LSB": "40",
        "RSB": "43",
        "X": "0",
        "Y": "0"
    },
    "8216": {
        "Name": "quoteleft",
        "Width": "150",
        "LSB": "24",
        "RSB": "38",
        "X": "0",
        "Y": "0"
    },
    "8217": {
        "Name": "quoteright",
        "Width": "153",
        "LSB": "48",
        "RSB": "36",
        "X": "0",
        "Y": "0"
    },
    "8220": {
        "Name": "quotedblleft",
        "Width": "238",
        "LSB": "47",
        "RSB": "26",
        "X": "0",
        "Y": "0"
    },
    "8221": {
        "Name": "quotedblright",
        "Width": "206",
        "LSB": "4",
        "RSB": "36",
        "X": "0",
        "Y": "0"
    },
    "223": {
        "Name": "germandbls",
        "Width": "491",
        "LSB": "46",
        "RSB": "43",
        "X": "0",
        "Y": "0"
    },
    "180": {
        "Name": "acute",
        "Width": "268",
        "LSB": "62",
        "RSB": "48",
        "X": "0",
        "Y": "0"
    },
    "225": {
        "Name": "aacute",
        "Width": "487",
        "LSB": "55",
        "RSB": "-28",
        "X": "0",
        "Y": "0"
    },
    "233": {
        "Name": "eacute",
        "Width": "349",
        "LSB": "48",
        "RSB": "30",
        "X": "0",
        "Y": "0"
    },
    "243": {
        "Name": "oacute",
        "Width": "280",
        "LSB": "62",
        "RSB": "28",
        "X": "0",
        "Y": "0"
    },
    "250": {
        "Name": "uacute",
        "Width": "369",
        "LSB": "44",
        "RSB": "0",
        "X": "0",
        "Y": "0"
    },
    "193": {
        "Name": "Aacute",
        "Width": "406",
        "LSB": "55",
        "RSB": "51",
        "X": "0",
        "Y": "0"
    },
    "218": {
        "Name": "Uacute",
        "Width": "399",
        "LSB": "48",
        "RSB": "-41",
        "X": "0",
        "Y": "0"
    },
    "94": {
        "Name": "asciicircum",
        "Width": "576",
        "LSB": "104",
        "RSB": "87",
        "X": "0",
        "Y": "0"
    },
    "916": {
        "Name": "Delta",
        "Width": "394",
        "LSB": "55",
        "RSB": "53",
        "X": "0",
        "Y": "0"
    },
    "8364": {
        "Name": "Euro",
        "Width": "415",
        "LSB": "24",
        "RSB": "64",
        "X": "0",
        "Y": "0"
    },
    "711": {
        "Name": "caron",
        "Width": "253",
        "LSB": "44",
        "RSB": "20",
        "X": "0",
        "Y": "0"
    },
    "382": {
        "Name": "zcaron",
        "Width": "405",
        "LSB": "31",
        "RSB": "-1",
        "X": "0",
        "Y": "0"
    },
    "710": {
        "Name": "circumflex",
        "Width": "300",
        "LSB": "40",
        "RSB": "12",
        "X": "0",
        "Y": "0"
    },
    "234": {
        "Name": "ecircumflex",
        "Width": "349",
        "LSB": "48",
        "RSB": "30",
        "X": "0",
        "Y": "0"
    },
    "240": {
        "Name": "eth",
        "Width": "334",
        "LSB": "50",
        "RSB": "45",
        "X": "0",
        "Y": "0"
    },
    "253": {
        "Name": "yacute",
        "Width": "282",
        "LSB": "17",
        "RSB": "30",
        "X": "0",
        "Y": "0"
    },
    "254": {
        "Name": "thorn",
        "Width": "344",
        "LSB": "36",
        "RSB": "48",
        "X": "0",
        "Y": "0"
    },
    "64257": {
        "Name": "fi",
        "Width": "546",
        "LSB": "23",
        "RSB": "23",
        "X": "0",
        "Y": "0"
    },
    "64258": {
        "Name": "fl",
        "Width": "602",
        "LSB": "23",
        "RSB": "38",
        "X": "0",
        "Y": "0"
    },
    "198": {
        "Name": "AE",
        "Width": "562",
        "LSB": "55",
        "RSB": "56",
        "X": "0",
        "Y": "0"
    },
    "732": {
        "Name": "tilde",
        "Width": "323",
        "LSB": "33",
        "RSB": "39",
        "X": "0",
        "Y": "0"
    },
    "241": {
        "Name": "ntilde",
        "Width": "352",
        "LSB": "47",
        "RSB": "12",
        "X": "0",
        "Y": "0"
    },
    "227": {
        "Name": "atilde",
        "Width": "487",
        "LSB": "55",
        "RSB": "-28",
        "X": "0",
        "Y": "0"
    },
    "338": {
        "Name": "OE",
        "Width": "627",
        "LSB": "50",
        "RSB": "21",
        "X": "0",
        "Y": "0"
    },
    "339": {
        "Name": "oe",
        "Width": "461",
        "LSB": "48",
        "RSB": "26",
        "X": "0",
        "Y": "0"
    },
    "321": {
        "Name": "Lslash",
        "Width": "384",
        "LSB": "0",
        "RSB": "14",
        "X": "0",
        "Y": "0"
    },
    "322": {
        "Name": "lslash",
        "Width": "211",
        "LSB": "34",
        "RSB": "12",
        "X": "0",
        "Y": "0"
    },
    "352": {
        "Name": "Scaron",
        "Width": "456",
        "LSB": "46",
        "RSB": "15",
        "X": "0",
        "Y": "0"
    },
    "353": {
        "Name": "scaron",
        "Width": "311",
        "LSB": "48",
        "RSB": "7",
        "X": "0",
        "Y": "0"
    },
    "221": {
        "Name": "Yacute",
        "Width": "314",
        "LSB": "-9",
        "RSB": "-3",
        "X": "0",
        "Y": "0"
    },
    "208": {
        "Name": "Eth",
        "Width": "448",
        "LSB": "-100",
        "RSB": "44",
        "X": "0",
        "Y": "0"
    },
    "381": {
        "Name": "Zcaron",
        "Width": "563",
        "LSB": "11",
        "RSB": "1",
        "X": "0",
        "Y": "0"
    },
    "168": {
        "Name": "dieresis",
        "Width": "275",
        "LSB": "30",
        "RSB": "34",
        "X": "0",
        "Y": "0"
    },
    "235": {
        "Name": "edieresis",
        "Width": "349",
        "LSB": "48",
        "RSB": "30",
        "X": "0",
        "Y": "0"
    },
    "175": {
        "Name": "macron",
        "Width": "308",
        "LSB": "28",
        "RSB": "25",
        "X": "0",
        "Y": "0"
    },
    "184": {
        "Name": "cedilla",
        "Width": "328",
        "LSB": "58",
        "RSB": "71",
        "X": "0",
        "Y": "0"
    },
    "231": {
        "Name": "ccedilla",
        "Width": "368",
        "LSB": "45",
        "RSB": "40",
        "X": "0",
        "Y": "0"
    },
    "729": {
        "Name": "dotaccent",
        "Width": "256",
        "LSB": "96",
        "RSB": "94",
        "X": "0",
        "Y": "0"
    },
    "730": {
        "Name": "ring",
        "Width": "268",
        "LSB": "70",
        "RSB": "68",
        "X": "0",
        "Y": "0"
    },
    "229": {
        "Name": "aring",
        "Width": "487",
        "LSB": "55",
        "RSB": "-28",
        "X": "0",
        "Y": "0"
    },
    "176": {
        "Name": "degree",
        "Width": "312",
        "LSB": "62",
        "RSB": "59",
        "X": "0",
        "Y": "0"
    },
    "162": {
        "Name": "cent",
        "Width": "368",
        "LSB": "87",
        "RSB": "-16",
        "X": "0",
        "Y": "0"
    },
    "163": {
        "Name": "sterling",
        "Width": "436",
        "LSB": "45",
        "RSB": "54",
        "X": "0",
        "Y": "0"
    },
    "96": {
        "Name": "grave",
        "Width": "269",
        "LSB": "56",
        "RSB": "60",
        "X": "0",
        "Y": "0"
    },
    "224": {
        "Name": "agrave",
        "Width": "487",
        "LSB": "55",
        "RSB": "-28",
        "X": "0",
        "Y": "0"
    },
    "232": {
        "Name": "egrave",
        "Width": "349",
        "LSB": "48",
        "RSB": "30",
        "X": "0",
        "Y": "0"
    },
    "242": {
        "Name": "ograve",
        "Width": "280",
        "LSB": "30",
        "RSB": "61",
        "X": "0",
        "Y": "0"
    },
    "246": {
        "Name": "odieresis",
        "Width": "280",
        "LSB": "34",
        "RSB": "35",
        "X": "0",
        "Y": "0"
    },
    "245": {
        "Name": "otilde",
        "Width": "280",
        "LSB": "15",
        "RSB": "14",
        "X": "0",
        "Y": "0"
    },
    "249": {
        "Name": "ugrave",
        "Width": "369",
        "LSB": "14",
        "RSB": "0",
        "X": "0",
        "Y": "0"
    },
    "251": {
        "Name": "ucircumflex",
        "Width": "369",
        "LSB": "26",
        "RSB": "0",
        "X": "0",
        "Y": "0"
    },
    "252": {
        "Name": "udieresis",
        "Width": "369",
        "LSB": "40",
        "RSB": "0",
        "X": "0",
        "Y": "0"
    },
    "226": {
        "Name": "acircumflex",
        "Width": "487",
        "LSB": "55",
        "RSB": "-28",
        "X": "0",
        "Y": "0"
    },
    "228": {
        "Name": "adieresis",
        "Width": "487",
        "LSB": "41",
        "RSB": "-28",
        "X": "0",
        "Y": "0"
    },
    "244": {
        "Name": "ocircumflex",
        "Width": "280",
        "LSB": "43",
        "RSB": "-11",
        "X": "0",
        "Y": "0"
    },
    "196": {
        "Name": "Adieresis",
        "Width": "406",
        "LSB": "55",
        "RSB": "51",
        "X": "0",
        "Y": "0"
    },
    "197": {
        "Name": "Aring",
        "Width": "406",
        "LSB": "55",
        "RSB": "51",
        "X": "0",
        "Y": "0"
    },
    "199": {
        "Name": "Ccedilla",
        "Width": "522",
        "LSB": "47",
        "RSB": "45",
        "X": "0",
        "Y": "0"
    },
    "201": {
        "Name": "Eacute",
        "Width": "369",
        "LSB": "28",
        "RSB": "34",
        "X": "0",
        "Y": "0"
    },
    "209": {
        "Name": "Ntilde",
        "Width": "473",
        "LSB": "-54",
        "RSB": "0",
        "X": "0",
        "Y": "0"
    },
    "214": {
        "Name": "Odieresis",
        "Width": "403",
        "LSB": "50",
        "RSB": "40",
        "X": "0",
        "Y": "0"
    },
    "220": {
        "Name": "Udieresis",
        "Width": "399",
        "LSB": "43",
        "RSB": "-41",
        "X": "0",
        "Y": "0"
    },
    "192": {
        "Name": "Agrave",
        "Width": "406",
        "LSB": "55",
        "RSB": "51",
        "X": "0",
        "Y": "0"
    },
    "195": {
        "Name": "Atilde",
        "Width": "406",
        "LSB": "55",
        "RSB": "51",
        "X": "0",
        "Y": "0"
    },
    "213": {
        "Name": "Otilde",
        "Width": "403",
        "LSB": "50",
        "RSB": "40",
        "X": "0",
        "Y": "0"
    },
    "194": {
        "Name": "Acircumflex",
        "Width": "406",
        "LSB": "55",
        "RSB": "51",
        "X": "0",
        "Y": "0"
    },
    "202": {
        "Name": "Ecircumflex",
        "Width": "369",
        "LSB": "28",
        "RSB": "13",
        "X": "0",
        "Y": "0"
    },
    "203": {
        "Name": "Edieresis",
        "Width": "369",
        "LSB": "28",
        "RSB": "34",
        "X": "0",
        "Y": "0"
    },
    "200": {
        "Name": "Egrave",
        "Width": "369",
        "LSB": "28",
        "RSB": "34",
        "X": "0",
        "Y": "0"
    },
    "205": {
        "Name": "Iacute",
        "Width": "519",
        "LSB": "5",
        "RSB": "7",
        "X": "0",
        "Y": "0"
    },
    "206": {
        "Name": "Icircumflex",
        "Width": "519",
        "LSB": "5",
        "RSB": "7",
        "X": "0",
        "Y": "0"
    },
    "207": {
        "Name": "Idieresis",
        "Width": "519",
        "LSB": "5",
        "RSB": "7",
        "X": "0",
        "Y": "0"
    },
    "204": {
        "Name": "Igrave",
        "Width": "519",
        "LSB": "5",
        "RSB": "7",
        "X": "0",
        "Y": "0"
    },
    "211": {
        "Name": "Oacute",
        "Width": "403",
        "LSB": "50",
        "RSB": "40",
        "X": "0",
        "Y": "0"
    },
    "212": {
        "Name": "Ocircumflex",
        "Width": "403",
        "LSB": "50",
        "RSB": "40",
        "X": "0",
        "Y": "0"
    },
    "210": {
        "Name": "Ograve",
        "Width": "403",
        "LSB": "50",
        "RSB": "40",
        "X": "0",
        "Y": "0"
    },
    "219": {
        "Name": "Ucircumflex",
        "Width": "399",
        "LSB": "47",
        "RSB": "-41",
        "X": "0",
        "Y": "0"
    },
    "217": {
        "Name": "Ugrave",
        "Width": "399",
        "LSB": "22",
        "RSB": "-41",
        "X": "0",
        "Y": "0"
    },
    "305": {
        "Name": "dotlessi",
        "Width": "155",
        "LSB": "30",
        "RSB": "23",
        "X": "0",
        "Y": "0"
    },
    "237": {
        "Name": "iacute",
        "Width": "155",
        "LSB": "-1",
        "RSB": "-2",
        "X": "0",
        "Y": "0"
    },
    "236": {
        "Name": "igrave",
        "Width": "155",
        "LSB": "-112",
        "RSB": "23",
        "X": "0",
        "Y": "0"
    },
    "238": {
        "Name": "icircumflex",
        "Width": "155",
        "LSB": "-83",
        "RSB": "-10",
        "X": "0",
        "Y": "0"
    },
    "239": {
        "Name": "idieresis",
        "Width": "155",
        "LSB": "-87",
        "RSB": "23",
        "X": "0",
        "Y": "0"
    },
    "216": {
        "Name": "Oslash",
        "Width": "403",
        "LSB": "50",
        "RSB": "40",
        "X": "0",
        "Y": "0"
    },
    "248": {
        "Name": "oslash",
        "Width": "400",
        "LSB": "55",
        "RSB": "67",
        "X": "0",
        "Y": "0"
    },
    "255": {
        "Name": "ydieresis",
        "Width": "282",
        "LSB": "-39",
        "RSB": "33",
        "X": "0",
        "Y": "0"
    },
    "376": {
        "Name": "Ydieresis",
        "Width": "314",
        "LSB": "-20",
        "RSB": "-3",
        "X": "0",
        "Y": "0"
    },
    "8260": {
        "Name": "fraction",
        "Width": "414",
        "LSB": "93",
        "RSB": "93",
        "X": "0",
        "Y": "0"
    },
    "222": {
        "Name": "Thorn",
        "Width": "376",
        "LSB": "42",
        "RSB": "40",
        "X": "0",
        "Y": "0"
    },
    "733": {
        "Name": "hungarumlaut",
        "Width": "448",
        "LSB": "84",
        "RSB": "68",
        "X": "0",
        "Y": "0"
    },
    "731": {
        "Name": "ogonek",
        "Width": "296",
        "LSB": "67",
        "RSB": "59",
        "X": "0",
        "Y": "0"
    },
    "124": {
        "Name": "bar",
        "Width": "405",
        "LSB": "168",
        "RSB": "134",
        "X": "0",
        "Y": "0"
    },
    "247": {
        "Name": "divide",
        "Width": "358",
        "LSB": "38",
        "RSB": "50",
        "X": "0",
        "Y": "0"
    },
    "215": {
        "Name": "multiply",
        "Width": "370",
        "LSB": "80",
        "RSB": "81",
        "X": "0",
        "Y": "0"
    },
    "169": {
        "Name": "copyright",
        "Width": "701",
        "LSB": "104",
        "RSB": "112",
        "X": "0",
        "Y": "0"
    },
    "170": {
        "Name": "ordfeminine",
        "Width": "367",
        "LSB": "33",
        "RSB": "18",
        "X": "0",
        "Y": "0"
    },
    "186": {
        "Name": "ordmasculine",
        "Width": "250",
        "LSB": "39",
        "RSB": "35",
        "X": "0",
        "Y": "0"
    },
    "191": {
        "Name": "questiondown",
        "Width": "410",
        "LSB": "65",
        "RSB": "72",
        "X": "0",
        "Y": "0"
    },
    "8722": {
        "Name": "minus",
        "Width": "358",
        "LSB": "38",
        "RSB": "50",
        "X": "0",
        "Y": "0"
    },
    "167": {
        "Name": "section",
        "Width": "311",
        "LSB": "48",
        "RSB": "46",
        "X": "0",
        "Y": "0"
    },
    "161": {
        "Name": "exclamdown",
        "Width": "261",
        "LSB": "51",
        "RSB": "72",
        "X": "0",
        "Y": "0"
    },
    "91": {
        "Name": "bracketleft",
        "Width": "369",
        "LSB": "53",
        "RSB": "100",
        "X": "0",
        "Y": "0"
    },
    "93": {
        "Name": "bracketright",
        "Width": "548",
        "LSB": "121",
        "RSB": "159",
        "X": "0",
        "Y": "0"
    },
    "728": {
        "Name": "breve",
        "Width": "294",
        "LSB": "38",
        "RSB": "40",
        "X": "0",
        "Y": "0"
    },
    "177": {
        "Name": "plusminus",
        "Width": "394",
        "LSB": "73",
        "RSB": "47",
        "X": "0",
        "Y": "0"
    },
    "171": {
        "Name": "guillemotleft",
        "Width": "412",
        "LSB": "95",
        "RSB": "51",
        "X": "0",
        "Y": "0"
    },
    "187": {
        "Name": "guillemotright",
        "Width": "392",
        "LSB": "62",
        "RSB": "81",
        "X": "0",
        "Y": "0"
    },
    "8226": {
        "Name": "bullet",
        "Width": "358",
        "LSB": "76",
        "RSB": "124",
        "X": "0",
        "Y": "0"
    },
    "8249": {
        "Name": "guilsinglleft",
        "Width": "352",
        "LSB": "115",
        "RSB": "51",
        "X": "0",
        "Y": "0"
    },
    "8250": {
        "Name": "guilsinglright",
        "Width": "328",
        "LSB": "62",
        "RSB": "114",
        "X": "0",
        "Y": "0"
    },
    "183": {
        "Name": "periodcentered",
        "Width": "325",
        "LSB": "130",
        "RSB": "129",
        "X": "0",
        "Y": "0"
    },
    "8222": {
        "Name": "quotedblbase",
        "Width": "206",
        "LSB": "4",
        "RSB": "36",
        "X": "0",
        "Y": "0"
    },
    "8218": {
        "Name": "quotesinglbase",
        "Width": "130",
        "LSB": "29",
        "RSB": "32",
        "X": "0",
        "Y": "0"
    },
    "8230": {
        "Name": "ellipsis",
        "Width": "417",
        "LSB": "38",
        "RSB": "35",
        "X": "0",
        "Y": "0"
    },
    "8482": {
        "Name": "trademark",
        "Width": "472",
        "LSB": "-2",
        "RSB": "25",
        "X": "0",
        "Y": "0"
    },
    "8224": {
        "Name": "dagger",
        "Width": "439",
        "LSB": "2",
        "RSB": "111",
        "X": "0",
        "Y": "0"
    },
    "182": {
        "Name": "paragraph",
        "Width": "737",
        "LSB": "53",
        "RSB": "138",
        "X": "0",
        "Y": "0"
    },
    "92": {
        "Name": "backslash",
        "Width": "307",
        "LSB": "28",
        "RSB": "51",
        "X": "0",
        "Y": "0"
    },
    "937": {
        "Name": "Omega",
        "Width": "403",
        "LSB": "50",
        "RSB": "20",
        "X": "0",
        "Y": "0"
    },
    "8721": {
        "Name": "summation",
        "Width": "465",
        "LSB": "-4",
        "RSB": "0",
        "X": "0",
        "Y": "0"
    },
    "8734": {
        "Name": "infinity",
        "Width": "548",
        "LSB": "58",
        "RSB": "52",
        "X": "0",
        "Y": "0"
    },
    "8800": {
        "Name": "notequal",
        "Width": "388",
        "LSB": "49",
        "RSB": "43",
        "X": "0",
        "Y": "0"
    },
    "8719": {
        "Name": "product",
        "Width": "472",
        "LSB": "10",
        "RSB": "21",
        "X": "0",
        "Y": "0"
    },
    "8240": {
        "Name": "perthousand",
        "Width": "840",
        "LSB": "55",
        "RSB": "47",
        "X": "0",
        "Y": "0"
    },
    "8225": {
        "Name": "daggerdbl",
        "Width": "414",
        "LSB": "2",
        "RSB": "86",
        "X": "0",
        "Y": "0"
    },
    "9674": {
        "Name": "lozenge",
        "Width": "494",
        "LSB": "75",
        "RSB": "77",
        "X": "0",
        "Y": "0"
    },
    "181": {
        "Name": "mu",
        "Width": "369",
        "LSB": "40",
        "RSB": "0",
        "X": "0",
        "Y": "0"
    },
    "8706": {
        "Name": "partialdiff",
        "Width": "341",
        "LSB": "50",
        "RSB": "52",
        "X": "0",
        "Y": "0"
    },
    "960": {
        "Name": "pi",
        "Width": "370",
        "LSB": "47",
        "RSB": "49",
        "X": "0",
        "Y": "0"
    },
    "8747": {
        "Name": "integral",
        "Width": "305",
        "LSB": "46",
        "RSB": "61",
        "X": "0",
        "Y": "0"
    },
    "402": {
        "Name": "florin",
        "Width": "373",
        "LSB": "38",
        "RSB": "65",
        "X": "0",
        "Y": "0"
    },
    "8776": {
        "Name": "approxequal",
        "Width": "549",
        "LSB": "43",
        "RSB": "41",
        "X": "0",
        "Y": "0"
    },
    "230": {
        "Name": "ae",
        "Width": "523",
        "LSB": "43",
        "RSB": "25",
        "X": "0",
        "Y": "0"
    },
    "165": {
        "Name": "yen",
        "Width": "401",
        "LSB": "28",
        "RSB": "46",
        "X": "0",
        "Y": "0"
    },
    "174": {
        "Name": "registered",
        "Width": "701",
        "LSB": "111",
        "RSB": "105",
        "X": "0",
        "Y": "0"
    },
    "8804": {
        "Name": "lessequal",
        "Width": "414",
        "LSB": "4",
        "RSB": "22",
        "X": "0",
        "Y": "0"
    },
    "8805": {
        "Name": "greaterequal",
        "Width": "414",
        "LSB": "35",
        "RSB": "22",
        "X": "0",
        "Y": "0"
    },
    "123": {
        "Name": "braceleft",
        "Width": "423",
        "LSB": "91",
        "RSB": "72",
        "X": "0",
        "Y": "0"
    },
    "125": {
        "Name": "braceright",
        "Width": "461",
        "LSB": "51",
        "RSB": "53",
        "X": "0",
        "Y": "0"
    },
    "172": {
        "Name": "logicalnot",
        "Width": "415",
        "LSB": "47",
        "RSB": "33",
        "X": "0",
        "Y": "0"
    },
    "8730": {
        "Name": "radical",
        "Width": "331",
        "LSB": "47",
        "RSB": "58",
        "X": "0",
        "Y": "0"
    },
    "185": {
        "Name": "onesuperior",
        "Width": "188",
        "LSB": "18",
        "RSB": "34",
        "X": "0",
        "Y": "0"
    },
    "179": {
        "Name": "threesuperior",
        "Width": "239",
        "LSB": "29",
        "RSB": "29",
        "X": "0",
        "Y": "0"
    },
    "178": {
        "Name": "twosuperior",
        "Width": "239",
        "LSB": "33",
        "RSB": "33",
        "X": "0",
        "Y": "0"
    },
    "188": {
        "Name": "onequarter",
        "Width": "572",
        "LSB": "50",
        "RSB": "55",
        "X": "0",
        "Y": "0"
    },
    "189": {
        "Name": "onehalf",
        "Width": "572",
        "LSB": "50",
        "RSB": "69",
        "X": "0",
        "Y": "0"
    },
    "190": {
        "Name": "threequarters",
        "Width": "565",
        "LSB": "42",
        "RSB": "48",
        "X": "0",
        "Y": "0"
    },
    "166": {
        "Name": "brokenbar",
        "Width": "405",
        "LSB": "168",
        "RSB": "134",
        "X": "0",
        "Y": "0"
    },
    "160": {
        "Name": "uni00A0",
        "Width": "0",
        "LSB": "0",
        "RSB": "0",
        "X": "0",
        "Y": "0"
    },
    "337": {
        "Name": "ohungarumlaut",
        "Width": "280",
        "LSB": "54",
        "RSB": "-70",
        "X": "0",
        "Y": "0"
    },
    "328": {
        "Name": "ncaron",
        "Width": "352",
        "LSB": "47",
        "RSB": "12",
        "X": "0",
        "Y": "0"
    },
    "324": {
        "Name": "nacute",
        "Width": "352",
        "LSB": "47",
        "RSB": "12",
        "X": "0",
        "Y": "0"
    },
    "259": {
        "Name": "abreve",
        "Width": "487",
        "LSB": "55",
        "RSB": "-28",
        "X": "0",
        "Y": "0"
    },
    "272": {
        "Name": "Dcroat",
        "Width": "448",
        "LSB": "-100",
        "RSB": "44",
        "X": "0",
        "Y": "0"
    },
    "347": {
        "Name": "sacute",
        "Width": "311",
        "LSB": "48",
        "RSB": "34",
        "X": "0",
        "Y": "0"
    },
    "341": {
        "Name": "racute",
        "Width": "316",
        "LSB": "61",
        "RSB": "37",
        "X": "0",
        "Y": "0"
    },
    "369": {
        "Name": "uhungarumlaut",
        "Width": "369",
        "LSB": "37",
        "RSB": "0",
        "X": "0",
        "Y": "0"
    },
    "367": {
        "Name": "uring",
        "Width": "369",
        "LSB": "44",
        "RSB": "0",
        "X": "0",
        "Y": "0"
    },
    "345": {
        "Name": "rcaron",
        "Width": "316",
        "LSB": "61",
        "RSB": "30",
        "X": "0",
        "Y": "0"
    },
    "263": {
        "Name": "cacute",
        "Width": "368",
        "LSB": "45",
        "RSB": "40",
        "X": "0",
        "Y": "0"
    },
    "269": {
        "Name": "ccaron",
        "Width": "368",
        "LSB": "45",
        "RSB": "40",
        "X": "0",
        "Y": "0"
    },
    "281": {
        "Name": "eogonek",
        "Width": "349",
        "LSB": "48",
        "RSB": "30",
        "X": "0",
        "Y": "0"
    },
    "283": {
        "Name": "ecaron",
        "Width": "349",
        "LSB": "48",
        "RSB": "30",
        "X": "0",
        "Y": "0"
    },
    "271": {
        "Name": "dcaron",
        "Width": "406",
        "LSB": "42",
        "RSB": "34",
        "X": "0",
        "Y": "0"
    },
    "273": {
        "Name": "dcroat",
        "Width": "360",
        "LSB": "42",
        "RSB": "37",
        "X": "0",
        "Y": "0"
    },
    "261": {
        "Name": "aogonek",
        "Width": "487",
        "LSB": "55",
        "RSB": "-28",
        "X": "0",
        "Y": "0"
    },
    "318": {
        "Name": "lcaron",
        "Width": "257",
        "LSB": "34",
        "RSB": "38",
        "X": "0",
        "Y": "0"
    },
    "380": {
        "Name": "zdotaccent",
        "Width": "405",
        "LSB": "31",
        "RSB": "-1",
        "X": "0",
        "Y": "0"
    },
    "357": {
        "Name": "tcaron",
        "Width": "472",
        "LSB": "-112",
        "RSB": "167",
        "X": "0",
        "Y": "0"
    },
    "378": {
        "Name": "zacute",
        "Width": "405",
        "LSB": "31",
        "RSB": "-1",
        "X": "0",
        "Y": "0"
    },
    "260": {
        "Name": "Aogonek",
        "Width": "406",
        "LSB": "55",
        "RSB": "51",
        "X": "0",
        "Y": "0"
    },
    "346": {
        "Name": "Sacute",
        "Width": "456",
        "LSB": "46",
        "RSB": "15",
        "X": "0",
        "Y": "0"
    },
    "356": {
        "Name": "Tcaron",
        "Width": "427",
        "LSB": "-59",
        "RSB": "-165",
        "X": "0",
        "Y": "0"
    },
    "377": {
        "Name": "Zacute",
        "Width": "563",
        "LSB": "11",
        "RSB": "1",
        "X": "0",
        "Y": "0"
    },
    "379": {
        "Name": "Zdotaccent",
        "Width": "563",
        "LSB": "11",
        "RSB": "1",
        "X": "0",
        "Y": "0"
    },
    "340": {
        "Name": "Racute",
        "Width": "512",
        "LSB": "33",
        "RSB": "-80",
        "X": "0",
        "Y": "0"
    },
    "258": {
        "Name": "Abreve",
        "Width": "406",
        "LSB": "55",
        "RSB": "51",
        "X": "0",
        "Y": "0"
    },
    "313": {
        "Name": "Lacute",
        "Width": "384",
        "LSB": "37",
        "RSB": "14",
        "X": "0",
        "Y": "0"
    },
    "262": {
        "Name": "Cacute",
        "Width": "522",
        "LSB": "47",
        "RSB": "45",
        "X": "0",
        "Y": "0"
    },
    "268": {
        "Name": "Ccaron",
        "Width": "522",
        "LSB": "47",
        "RSB": "45",
        "X": "0",
        "Y": "0"
    },
    "280": {
        "Name": "Eogonek",
        "Width": "369",
        "LSB": "28",
        "RSB": "11",
        "X": "0",
        "Y": "0"
    },
    "282": {
        "Name": "Ecaron",
        "Width": "369",
        "LSB": "28",
        "RSB": "12",
        "X": "0",
        "Y": "0"
    },
    "270": {
        "Name": "Dcaron",
        "Width": "448",
        "LSB": "-142",
        "RSB": "44",
        "X": "0",
        "Y": "0"
    },
    "323": {
        "Name": "Nacute",
        "Width": "473",
        "LSB": "-1",
        "RSB": "0",
        "X": "0",
        "Y": "0"
    },
    "327": {
        "Name": "Ncaron",
        "Width": "473",
        "LSB": "-1",
        "RSB": "0",
        "X": "0",
        "Y": "0"
    },
    "336": {
        "Name": "Ohungarumlaut",
        "Width": "403",
        "LSB": "50",
        "RSB": "33",
        "X": "0",
        "Y": "0"
    },
    "344": {
        "Name": "Rcaron",
        "Width": "512",
        "LSB": "33",
        "RSB": "-80",
        "X": "0",
        "Y": "0"
    },
    "366": {
        "Name": "Uring",
        "Width": "399",
        "LSB": "48",
        "RSB": "-41",
        "X": "0",
        "Y": "0"
    },
    "368": {
        "Name": "Uhungarumlaut",
        "Width": "399",
        "LSB": "27",
        "RSB": "-41",
        "X": "0",
        "Y": "0"
    },
    "173": {
        "Name": "uni00AD",
        "Width": "350",
        "LSB": "44",
        "RSB": "32",
        "X": "0",
        "Y": "0"
    },
    "256": {
        "Name": "Amacron",
        "Width": "406",
        "LSB": "55",
        "RSB": "51",
        "X": "0",
        "Y": "0"
    },
    "257": {
        "Name": "amacron",
        "Width": "487",
        "LSB": "35",
        "RSB": "-28",
        "X": "0",
        "Y": "0"
    },
    "274": {
        "Name": "Emacron",
        "Width": "369",
        "LSB": "28",
        "RSB": "34",
        "X": "0",
        "Y": "0"
    },
    "275": {
        "Name": "emacron",
        "Width": "349",
        "LSB": "17",
        "RSB": "30",
        "X": "0",
        "Y": "0"
    },
    "278": {
        "Name": "Edotaccent",
        "Width": "369",
        "LSB": "28",
        "RSB": "34",
        "X": "0",
        "Y": "0"
    },
    "279": {
        "Name": "edotaccent",
        "Width": "349",
        "LSB": "48",
        "RSB": "30",
        "X": "0",
        "Y": "0"
    },
    "303": {
        "Name": "iogonek",
        "Width": "155",
        "LSB": "0",
        "RSB": "-12",
        "X": "0",
        "Y": "0"
    },
    "298": {
        "Name": "Imacron",
        "Width": "519",
        "LSB": "5",
        "RSB": "7",
        "X": "0",
        "Y": "0"
    },
    "299": {
        "Name": "imacron",
        "Width": "155",
        "LSB": "-81",
        "RSB": "-19",
        "X": "0",
        "Y": "0"
    },
    "332": {
        "Name": "Omacron",
        "Width": "403",
        "LSB": "34",
        "RSB": "40",
        "X": "0",
        "Y": "0"
    },
    "333": {
        "Name": "omacron",
        "Width": "280",
        "LSB": "14",
        "RSB": "11",
        "X": "0",
        "Y": "0"
    },
    "362": {
        "Name": "Umacron",
        "Width": "399",
        "LSB": "27",
        "RSB": "-41",
        "X": "0",
        "Y": "0"
    },
    "363": {
        "Name": "umacron",
        "Width": "369",
        "LSB": "18",
        "RSB": "0",
        "X": "0",
        "Y": "0"
    },
    "371": {
        "Name": "uogonek",
        "Width": "369",
        "LSB": "44",
        "RSB": "0",
        "X": "0",
        "Y": "0"
    },
    "164": {
        "Name": "currency",
        "Width": "548",
        "LSB": "53",
        "RSB": "43",
        "X": "0",
        "Y": "0"
    },
    "317": {
        "Name": "Lcaron",
        "Width": "384",
        "LSB": "37",
        "RSB": "14",
        "X": "0",
        "Y": "0"
    },
    "536": {
        "Name": "Scommaaccent",
        "Width": "456",
        "LSB": "46",
        "RSB": "15",
        "X": "0",
        "Y": "0"
    },
    "537": {
        "Name": "scommaaccent",
        "Width": "311",
        "LSB": "48",
        "RSB": "46",
        "X": "0",
        "Y": "0"
    },
    "354": {
        "Name": "Tcommaaccent",
        "Width": "427",
        "LSB": "-59",
        "RSB": "-165",
        "X": "0",
        "Y": "0"
    },
    "355": {
        "Name": "tcommaaccent",
        "Width": "319",
        "LSB": "-112",
        "RSB": "14",
        "X": "0",
        "Y": "0"
    },
    "314": {
        "Name": "lacute",
        "Width": "211",
        "LSB": "-25",
        "RSB": "38",
        "X": "0",
        "Y": "0"
    },
    "291": {
        "Name": "gcommaaccent",
        "Width": "331",
        "LSB": "34",
        "RSB": "17",
        "X": "0",
        "Y": "0"
    },
    "315": {
        "Name": "Lcommaaccent",
        "Width": "384",
        "LSB": "37",
        "RSB": "14",
        "X": "0",
        "Y": "0"
    },
    "316": {
        "Name": "lcommaaccent",
        "Width": "211",
        "LSB": "34",
        "RSB": "-14",
        "X": "0",
        "Y": "0"
    },
    "342": {
        "Name": "Rcommaaccent",
        "Width": "512",
        "LSB": "33",
        "RSB": "-80",
        "X": "0",
        "Y": "0"
    },
    "343": {
        "Name": "rcommaaccent",
        "Width": "316",
        "LSB": "32",
        "RSB": "40",
        "X": "0",
        "Y": "0"
    },
    "310": {
        "Name": "Kcommaaccent",
        "Width": "468",
        "LSB": "40",
        "RSB": "13",
        "X": "0",
        "Y": "0"
    },
    "311": {
        "Name": "kcommaaccent",
        "Width": "398",
        "LSB": "2",
        "RSB": "3",
        "X": "0",
        "Y": "0"
    },
    "290": {
        "Name": "Gcommaaccent",
        "Width": "470",
        "LSB": "46",
        "RSB": "31",
        "X": "0",
        "Y": "0"
    },
    "325": {
        "Name": "Ncommaaccent",
        "Width": "473",
        "LSB": "-1",
        "RSB": "0",
        "X": "0",
        "Y": "0"
    },
    "326": {
        "Name": "ncommaaccent",
        "Width": "352",
        "LSB": "47",
        "RSB": "12",
        "X": "0",
        "Y": "0"
    },
    "302": {
        "Name": "Iogonek",
        "Width": "519",
        "LSB": "5",
        "RSB": "7",
        "X": "0",
        "Y": "0"
    },
    "370": {
        "Name": "Uogonek",
        "Width": "399",
        "LSB": "48",
        "RSB": "-70",
        "X": "0",
        "Y": "0"
    },
    "32": {
        "Name": "space",
        "Width": "414",
        "LSB": "0",
        "RSB": "0",
        "X": "0",
        "Y": "0"
    }
}
